{"cameraMode":{"drawMode":0,"name":"Shaded","section":"Shading Mode"},"sceneLighting":false,"audioPlay":false,"sceneViewState":{"showFog":true,"showMaterialUpdate":false,"showSkybox":true,"showFlares":true,"showImageEffects":true,"showParticleSystems":true},"in2DMode":false,"pivot":{"x":-4.099999904632568,"y":-0.05000019073486328,"z":0.0},"rotation":{"x":-0.02130453661084175,"y":-0.018897442147135736,"z":0.00040272381738759577,"w":-0.9995943903923035},"size":19.2952938079834,"orthographic":false}