{"cameraMode":{"drawMode":0,"name":"Shaded","section":"Shading Mode"},"sceneLighting":false,"audioPlay":false,"sceneViewState":{"showFog":true,"showMaterialUpdate":false,"showSkybox":true,"showFlares":true,"showImageEffects":true,"showParticleSystems":true},"in2DMode":false,"pivot":{"x":-0.6079999804496765,"y":-2.8000001907348635,"z":-0.032847002148628238},"rotation":{"x":-0.06772244721651077,"y":0.032018598169088367,"z":-0.0021707096602767708,"w":-0.9971879124641419},"size":1.2401680946350098,"orthographic":false}