{"cameraMode":{"drawMode":0,"name":"Shaded","section":"Shading Mode"},"sceneLighting":false,"audioPlay":false,"sceneViewState":{"showFog":true,"showMaterialUpdate":false,"showSkybox":true,"showFlares":true,"showImageEffects":true,"showParticleSystems":true},"in2DMode":false,"pivot":{"x":4.451388835906982,"y":1.2625919580459595,"z":-0.0005348519771359861},"rotation":{"x":0.08861421793699265,"y":-0.0418260395526886,"z":0.0037338698748499157,"w":0.9951804876327515},"size":8.365530967712403,"orthographic":false}