{"cameraMode":{"drawMode":0,"name":"Shaded","section":"Shading Mode"},"sceneLighting":false,"audioPlay":false,"sceneViewState":{"showFog":true,"showMaterialUpdate":false,"showSkybox":true,"showFlares":true,"showImageEffects":true,"showParticleSystems":true},"in2DMode":false,"pivot":{"x":6.250396728515625,"y":0.2951500415802002,"z":-3.801083564758301},"rotation":{"x":0.004809112288057804,"y":0.011995019391179085,"z":-0.000048073328798636794,"w":0.9999165534973145},"size":1.0050116777420045,"orthographic":false}