{"cameraMode":{"drawMode":0,"name":"Shaded","section":"Shading Mode"},"sceneLighting":false,"audioPlay":false,"sceneViewState":{"showFog":true,"showMaterialUpdate":false,"showSkybox":true,"showFlares":true,"showImageEffects":true,"showParticleSystems":true},"in2DMode":false,"pivot":{"x":-3.6234169006347658,"y":-2.603349208831787,"z":-0.0005348519771359861},"rotation":{"x":0.05124829709529877,"y":0.03893425688147545,"z":-0.0019905271474272014,"w":0.9979248046875},"size":3.9452340602874758,"orthographic":false}