{"cameraMode":{"drawMode":0,"name":"Shaded","section":"Shading Mode"},"sceneLighting":false,"audioPlay":false,"sceneViewState":{"showFog":true,"showMaterialUpdate":false,"showSkybox":true,"showFlares":true,"showImageEffects":true,"showParticleSystems":true},"in2DMode":false,"pivot":{"x":-4.019943714141846,"y":1.8282679319381714,"z":-0.0005348519771359861},"rotation":{"x":0.004809112288057804,"y":0.011995019391179085,"z":-0.000048073328798636794,"w":0.9999165534973145},"size":12.654086112976075,"orthographic":false}