{"cameraMode":{"drawMode":0,"name":"Shaded","section":"Shading Mode"},"sceneLighting":true,"audioPlay":false,"sceneViewState":{"showFog":true,"showMaterialUpdate":false,"showSkybox":true,"showFlares":true,"showImageEffects":true,"showParticleSystems":true},"in2DMode":false,"pivot":{"x":295.32379150390627,"y":670.4011840820313,"z":-1068.0672607421875},"rotation":{"x":0.0929984599351883,"y":0.06119030341506004,"z":-0.00571648171171546,"w":0.9937677979469299},"size":23.102294921875,"orthographic":false}